   {
      "     1325412000  ": 55.6567038,
      "     1325498400  ": 58.5826794,
      "     1325584800  ": 60.075231,
      "     1325671200  ": 60.393484,
      "     1325757600  ": 57.09644135,
      "     1325844000  ": 60.019803,
      "     1325930400  ": 57.730185,
      "     1326016800  ": 57.617631,
      "     1326103200  ": 61.9771224,
      "     1326189600  ": 62.9744641,
      "     1326276000  ": 63.86592735,
      "     1326362400  ": 62.4621525,
      "     1326448800  ": 64.5072162,
      "     1326535200  ": 60.1959914,
      "     1326621600  ": 56.27116955,
      "     1326708000  ": 57.97579567,
      "     1326794400  ": 62.94468022,
      "     1326880800  ": 64.58052452,
      "     1326967200  ": 64.84125852,
      "     1327053600  ": 66.83389681,
      "     1327140000  ": 63.39098735,
      "     1327226400  ": 61.7250975,
      "     1327312800  ": 63.19653455,
      "     1327399200  ": 63.0187121,
      "     1327485600  ": 62.48342898,
      "     1327572000  ": 51.40061742,
      "     1327658400  ": 60.3968718,
      "     1327744800  ": 59.17187931,
      "     1327831200  ": 56.80358435,
      "     1327917600  ": 60.10371025,
      "     1328004000  ": 60.800538,
      "     1328090400  ": 61.400827,
      "     1328176800  ": 60.6639541,
      "     1328263200  ": 61.027287,
      "     1328349600  ": 57.72727,
      "     1328436000  ": 54.960683,
      "     1328522400  ": 57.918857,
      "     1328608800  ": 59.322788,
      "     1328695200  ": 60.075484,
      "     1328781600  ": 61.068117,
      "     1328868000  ": 61.936739,
      "     1328954400  ": 58.827128,
      "     1329040800  ": 55.202447,
      "     1329127200  ": 57.552145,
      "     1329213600  ": 58.272541,
      "     1329300000  ": 57.965584,
      "     1329386400  ": 58.032486,
      "     1329472800  ": 59.513295,
      "     1329559200  ": 56.510182,
      "     1329645600  ": 53.900188,
      "     1329732000  ": 54.369448,
      "     1329818400  ": 55.724841,
      "     1329904800  ": 56.073793,
      "     1329991200  ": 55.665186,
      "     1330077600  ": 56.319433,
      "     1330164000  ": 53.413632,
      "     1330250400  ": 51.623738,
      "     1330336800  ": 54.509255,
      "     1330423200  ": 54.039978,
      "     1330509600  ": 55.189322,
      "     1330596000  ": 54.874011,
      "     1330682400  ": 55.611333,
      "     1330768800  ": 52.9008204,
      "     1330855200  ": 50.8057904,
      "     1330941600  ": 54.7998104,
      "     1331028000  ": 55.1896736,
      "     1331114400  ": 52.51658536,
      "     1331200800  ": 40.97999144,
      "     1331287200  ": 47.419622,
      "     1331373600  ": 49.444241,
      "     1331460000  ": 49.205263,
      "     1331546400  ": 52.55121,
      "     1331632800  ": 52.125441,
      "     1331719200  ": 52.930304,
      "     1331805600  ": 53.416326864,
      "     1331892000  ": 55.421378,
      "     1331978400  ": 53.515135,
      "     1332064800  ": 52.843698,
      "     1332151200  ": 58.7164344,
      "     1332237600  ": 60.18852784,
      "     1332324000  ": 56.276503,
      "     1332410400  ": 55.26933084,
      "     1332496800  ": 56.35346202,
      "     1332583200  ": 54.37593226,
      "     1332669600  ": 52.68106079,
      "     1332756000  ": 58.38188906,
      "     1332842400  ": 60.0958586,
      "     1332928800  ": 61.170634,
      "     1333015200  ": 60.6889794,
      "     1333101600  ": 62.466856,
      "     1333188000  ": 61.63257796,
      "     1333274400  ": 58.623862,
      "     1333360800  ": 66.65579868,
      "     1333447200  ": 69.878465,
      "     1333533600  ": 71.626664,
      "     1333620000  ": 70.1525718,
      "     1333706400  ": 71.0278904,
      "     1333792800  ": 71.375776,
      "     1333879200  ": 67.9003246,
      "     1333965600  ": 75.280908,
      "     1334052000  ": 72.5129562,
      "     1334138400  ": 67.0450002,
      "     1334224800  ": 68.3337102,
      "     1334311200  ": 66.65244268,
      "     1334397600  ": 61.3660006,
      "     1334484000  ": 54.1465036,
      "     1334570400  ": 65.624471,
      "     1334656800  ": 67.4214272,
      "     1334743200  ": 68.8969514,
      "     1334829600  ": 72.1900466,
      "     1334916000  ": 73.8511156,
      "     1335002400  ": 70.74505792,
      "     1335088800  ": 66.76954,
      "     1335175200  ": 71.647049,
      "     1335261600  ": 73.0485504,
      "     1335348000  ": 72.488664,
      "     1335434400  ": 71.2613366,
      "     1335520800  ": 69.8640922,
      "     1335607200  ": 69.1609909,
      "     1335693600  ": 66.613853,
      "     1335780000  ": 71.7848018,
      "     1335866400  ": 70.85642,
      "     1335952800  ": 73.86720244,
      "     1336039200  ": 76.5266229,
      "     1336125600  ": 78.347822,
      "     1336212000  ": 76.473322,
      "     1336298400  ": 74.366378,
      "     1336384800  ": 83.347333,
      "     1336471200  ": 86.679813,
      "     1336557600  ": 88.8797672,
      "     1336644000  ": 90.939212,
      "     1336730400  ": 89.368692,
      "     1336816800  ": 78.283401,
      "     1336903200  ": 73.517614,
      "     1336989600  ": 79.2752454,
      "     1337076000  ": 81.87318,
      "     1337162400  ": 87.348656,
      "     1337248800  ": 90.304944,
      "     1337335200  ": 90.60965185,
      "     1337421600  ": 85.94584975,
      "     1337508000  ": 83.5478929,
      "     1337594400  ": 92.3527252,
      "     1337680800  ": 95.2372698,
      "     1337767200  ": 94.67646885,
      "     1337853600  ": 95.8221888,
      "     1337940000  ": 98.8128903,
      "     1338026400  ": 95.7486138,
      "     1338112800  ": 90.89891874,
      "     1338199200  ": 96.82817047,
      "     1338285600  ": 99.1890176,
      "     1338372000  ": 100.15567217,
      "     1338458400  ": 101.91279743,
      "     1338544800  ": 104.89980679,
      "     1338631200  ": 99.73151267,
      "     1338717600  ": 91.973541,
      "     1338804000  ": 99.75558368,
      "     1338890400  ": 95.80451856,
      "     1338976800 ": 91.42915028,
      "     1339063200  ": 91.37626548,
      "     1339149600  ": 93.63622248,
      "     1339236000  ": 92.81270748,
      "     1339322400  ": 90.18798648,
      "     1339408800  ": 97.55162564,
      "     1339495200  ": 99.41268256,
      "     1339581600  ": 100.19373502,
      "     1339668000  ": 101.9736929,
      "     1339754400  ": 104.88607926,
      "     1339840800  ": 103.41536884,
      "     1339927200  ": 99.32455274,
      "     1340013600  ": 103.3124658,
      "     1340100000  ": 103.4409521,
      "     1340186400 ": 104.13176448,
      "     1340272800  ": 107.05923148,
      "     1340359200  ": 108.67687123,
      "     1340445600  ": 107.45576048,
      "     1340532000  ": 103.47818048,
      "     1340618400  ": 108.624727,
      "     1340704800  ": 108.227171,
      "     1340791200  ": 106.797745,
      "     1340877600  ": 108.198068,
      "     1340964000  ": 106.931086,
      "     1341050400  ": 103.9528359,
      "     1341136800  ": 102.1240492,
      "     1341223200  ": 113.175664,
      "     1341309600  ": 112.7578024,
      "     1341396000  ": 108.983629,
      "     1341482400  ": 109.9139,
      "     1341568800  ": 97.213503,
      "     1341655200  ": 82.367961,
      "     1341741600  ": 79.731799,
      "     1341828000  ": 90.630851,
      "     1341914400  ": 96.246599,
      "     1342000800  ": 94.11061938,
      "     1342087200 ": 93.112656,
      "     1342173600 ": 91.27296347,
      "     1342260000  ": 86.318146,
      "     1342346400  ": 87.499969,
      "     1342432800  ": 96.236143,
      "     1342519200  ": 101.69682055,
      "     1342605600  ": 104.096465,
      "     1342692000  ": 106.589399,
      "     1342778400  ": 108.265671,
      "     1342864800  ": 102.052949,
      "     1342951200  ": 99.648506,
      "     1343037600  ": 107.555234,